Temperatura,Hora,Luminosidad,Humedad,Resistencia,Ventilador,Persianas,Luces,Humidificador
18,2,967,52,0,1,0,0,0
38,2,1,27,0,2,0,0,1
14,0,590,12,0,0,0,0,1
5,2,489,94,0,1,0,0,0
32,2,160,88,0,2,0,0,0
14,2,35,68,0,0,0,0,0
29,0,871,11,0,2,0,0,1
4,0,692,59,2,0,0,0,0
30,0,414,60,0,2,0,0,0
26,1,738,46,0,2,0,0,0
28,0,977,51,0,2,0,0,0
36,1,649,88,0,2,1,0,0
34,1,567,1,0,2,1,0,1
10,2,697,59,0,0,0,0,0
31,0,973,15,0,2,0,0,1
30,0,617,15,0,2,0,0,1
24,0,788,20,0,2,0,0,1
27,2,409,91,0,2,0,0,0
12,0,899,44,0,0,0,0,0
29,0,299,10,0,2,0,0,1
21,0,460,50,0,1,0,0,0
5,1,644,37,1,0,1,0,1
33,2,128,90,0,2,0,0,0
21,0,426,96,0,1,0,0,0
18,0,9,96,0,1,0,0,0
27,2,643,44,0,2,0,0,0
29,1,281,100,0,2,2,1,0
17,2,292,37,0,1,0,0,1
3,1,870,50,2,0,0,0,0
35,2,656,87,0,2,0,0,0
24,1,974,86,0,2,0,0,0
5,0,926,2,0,0,0,0,1
24,0,159,1,0,2,0,0,1
26,0,299,88,0,2,0,0,0
3,1,285,71,2,1,2,1,0
37,2,736,24,0,2,0,0,1
9,0,802,42,0,0,0,0,0
5,0,132,79,0,1,0,0,0
4,0,754,76,2,1,0,0,0
10,0,999,27,0,0,0,0,1
30,2,15,92,0,2,0,0,0
21,2,328,66,0,1,0,0,0
9,2,418,6,0,0,0,0,1
38,1,758,96,0,2,0,0,0
13,1,371,41,1,0,1,0,0
18,2,134,27,0,1,0,0,1
15,1,606,31,1,0,1,0,1
17,1,305,50,1,1,1,0,0
16,1,630,30,1,1,1,0,1
10,2,751,14,0,0,0,0,1
1,0,574,54,2,0,0,0,0
39,2,248,37,0,2,0,0,1
2,0,486,98,2,1,0,0,0
7,1,287,95,1,1,2,1,0
5,0,594,20,0,0,0,0,1
7,0,494,25,0,0,0,0,1
22,2,142,84,0,2,0,0,0
29,1,852,24,0,2,0,0,1
11,0,726,12,0,0,0,0,1
38,0,215,20,0,2,0,0,1
4,2,456,53,2,0,0,0,0
15,0,281,15,0,0,0,0,1
23,2,998,67,0,2,0,0,0
6,1,467,92,1,1,1,0,0
20,2,944,81,0,1,0,0,0
23,1,630,56,0,2,1,0,0
7,0,781,73,0,1,0,0,0
27,1,372,20,0,2,1,0,1
27,2,181,47,0,2,0,0,0
23,1,429,24,0,2,1,0,1
19,0,490,98,0,1,0,0,0
8,2,928,81,0,1,0,0,0
8,2,38,64,0,0,0,0,0
3,1,679,87,2,1,1,0,0
21,1,165,28,1,1,2,1,1
1,1,611,53,2,0,1,0,0
13,0,722,17,0,0,0,0,1
23,1,637,11,0,2,1,0,1
7,2,455,82,0,1,0,0,0
11,0,577,62,0,0,0,0,0
38,2,435,32,0,2,0,0,1
4,2,376,27,2,0,0,0,1
0,1,764,8,2,0,0,0,1
15,2,544,51,0,0,0,0,0
36,0,914,20,0,2,0,0,1
36,2,771,63,0,2,0,0,0
23,1,130,27,0,2,2,1,1
0,0,396,77,2,1,0,0,0
33,2,5,27,0,2,0,0,1
2,2,705,14,2,0,0,0,1
7,0,965,73,0,1,0,0,0
26,1,466,18,0,2,1,0,1
35,0,626,16,0,2,0,0,1
32,1,908,3,0,2,0,0,1
12,0,435,33,0,0,0,0,1
20,0,438,42,0,1,0,0,0
38,2,432,91,0,2,0,0,0
27,2,953,33,0,2,0,0,1
39,0,118,11,0,2,0,0,1
40,1,355,43,0,2,1,0,0
6,2,177,3,0,0,0,0,1
21,0,998,17,0,1,0,0,1
8,0,936,47,0,0,0,0,0
12,0,999,82,0,1,0,0,0
16,1,160,10,1,1,2,1,1
23,0,390,16,0,2,0,0,1
21,2,360,75,0,1,0,0,0
29,1,443,15,0,2,1,0,1
36,0,971,34,0,2,0,0,1
15,2,373,8,0,0,0,0,1
35,2,891,80,0,2,0,0,0
13,0,397,18,0,0,0,0,1
33,1,215,35,0,2,2,1,1
10,2,608,97,0,1,0,0,0
37,0,136,23,0,2,0,0,1
26,1,865,92,0,2,0,0,0
40,2,746,81,0,2,0,0,0
9,2,179,62,0,0,0,0,0
21,1,317,26,1,1,1,0,1
3,2,500,4,2,0,0,0,1
2,1,758,67,2,0,0,0,0
33,2,620,85,0,2,0,0,0
26,0,841,25,0,2,0,0,1
15,1,87,22,1,0,2,1,1
7,2,611,28,0,0,0,0,1
24,0,411,33,0,2,0,0,1
36,0,23,0,0,2,0,0,1
10,2,500,70,0,0,0,0,0
24,1,519,46,0,2,1,0,0
0,1,605,99,2,1,1,0,0
21,2,641,28,0,1,0,0,1
10,1,832,33,1,0,0,0,1
34,1,754,61,0,2,0,0,0
35,1,979,46,0,2,0,0,0
28,1,590,76,0,2,1,0,0
40,0,895,28,0,2,0,0,1
21,2,107,91,0,1,0,0,0
18,0,585,47,0,1,0,0,0
40,1,135,70,0,2,2,1,0
7,0,735,69,0,0,0,0,0
37,2,43,26,0,2,0,0,1
4,1,534,19,2,0,1,0,1
31,0,190,0,0,2,0,0,1
30,2,443,77,0,2,0,0,0
11,1,477,99,1,1,1,0,0
17,1,319,6,1,1,1,0,1
2,0,198,55,2,0,0,0,0
27,1,634,75,0,2,1,0,0
14,2,327,56,0,0,0,0,0
31,1,444,78,0,2,1,0,0
24,2,464,99,0,2,0,0,0
40,0,427,66,0,2,0,0,0
31,0,184,40,0,2,0,0,0
26,2,211,38,0,2,0,0,1
29,1,833,72,0,2,0,0,0
12,2,302,54,0,0,0,0,0
28,1,175,11,0,2,2,1,1
1,0,840,35,2,0,0,0,1
25,1,600,5,0,2,1,0,1
11,2,125,85,0,1,0,0,0
7,1,41,22,1,0,2,1,1
12,2,508,89,0,1,0,0,0
21,1,288,27,1,1,2,1,1
12,0,8,44,0,0,0,0,0
40,1,815,7,0,2,0,0,1
7,2,607,77,0,1,0,0,0
1,2,258,97,2,1,0,0,0
16,1,758,64,1,1,0,0,0
26,1,709,69,0,2,0,0,0
11,1,98,45,1,0,2,1,0
14,1,819,54,1,0,0,0,0
9,1,902,53,1,0,0,0,0
30,2,797,39,0,2,0,0,1
5,2,920,1,0,0,0,0,1
34,0,847,25,0,2,0,0,1
19,1,441,81,1,1,1,0,0
4,2,979,36,2,0,0,0,1
7,0,939,68,0,0,0,0,0
7,0,460,88,0,1,0,0,0
17,2,500,59,0,1,0,0,0
37,0,504,58,0,2,0,0,0
12,0,561,67,0,0,0,0,0
27,2,470,32,0,2,0,0,1
2,0,882,78,2,1,0,0,0
39,2,663,0,0,2,0,0,1
7,1,75,13,1,0,2,1,1
35,0,73,65,0,2,0,0,0
4,0,399,28,2,0,0,0,1
25,1,350,12,0,2,1,0,1
39,2,15,47,0,2,0,0,0
25,0,199,10,0,2,0,0,1
36,2,444,36,0,2,0,0,1
3,0,275,19,2,0,0,0,1
32,2,51,20,0,2,0,0,1
15,2,960,74,0,1,0,0,0
29,1,830,25,0,2,0,0,1
19,2,133,2,0,1,0,0,1
19,1,179,63,1,1,2,1,0
26,2,59,79,0,2,0,0,0
30,2,749,8,0,2,0,0,1
38,2,793,78,0,2,0,0,0
38,0,741,90,0,2,0,0,0
10,2,214,34,0,0,0,0,1
14,1,80,2,1,0,2,1,1
10,2,821,93,0,1,0,0,0
1,2,776,57,2,0,0,0,0
22,1,962,33,0,2,0,0,1
25,0,696,96,0,2,0,0,0
11,2,218,76,0,1,0,0,0
20,1,797,56,1,1,0,0,0
9,2,649,77,0,1,0,0,0
30,0,570,11,0,2,0,0,1
27,2,520,88,0,2,0,0,0
24,0,119,7,0,2,0,0,1
36,1,378,43,0,2,1,0,0
26,1,997,66,0,2,0,0,0
26,2,193,43,0,2,0,0,0
40,0,749,73,0,2,0,0,0
25,1,654,12,0,2,1,0,1
16,0,642,100,0,1,0,0,0
18,2,239,97,0,1,0,0,0
34,2,756,21,0,2,0,0,1
29,0,864,97,0,2,0,0,0
36,0,915,7,0,2,0,0,1
14,1,717,57,1,0,0,0,0
6,2,180,46,0,0,0,0,0
0,1,410,13,2,0,1,0,1
2,1,184,64,2,0,2,1,0
4,2,117,16,2,0,0,0,1
40,0,196,15,0,2,0,0,1
34,0,918,5,0,2,0,0,1
4,0,954,66,2,0,0,0,0
39,0,507,52,0,2,0,0,0
8,1,12,64,1,0,2,1,0
7,0,950,75,0,1,0,0,0
14,2,92,15,0,0,0,0,1
31,0,274,12,0,2,0,0,1
19,2,142,27,0,1,0,0,1
0,1,786,81,2,1,0,0,0
12,2,767,99,0,1,0,0,0
27,2,418,12,0,2,0,0,1
14,1,875,56,1,0,0,0,0
12,2,382,8,0,0,0,0,1
12,2,528,24,0,0,0,0,1
34,2,492,94,0,2,0,0,0
7,1,256,67,1,0,2,1,0
10,1,167,99,1,1,2,1,0
7,2,442,47,0,0,0,0,0
35,2,620,15,0,2,0,0,1
4,0,173,62,2,0,0,0,0
34,2,624,35,0,2,0,0,1
27,2,731,37,0,2,0,0,1
27,2,135,10,0,2,0,0,1
8,2,154,34,0,0,0,0,1
7,2,322,11,0,0,0,0,1
1,2,254,43,2,0,0,0,0
39,1,350,77,0,2,1,0,0
2,2,801,37,2,0,0,0,1
19,1,351,15,1,1,1,0,1
27,0,149,36,0,2,0,0,1
2,0,100,32,2,0,0,0,1
8,0,422,92,0,1,0,0,0
39,0,1000,1,0,2,0,0,1
8,1,721,54,1,0,0,0,0
33,2,555,91,0,2,0,0,0
10,1,755,32,1,0,0,0,1
27,2,480,41,0,2,0,0,0
36,1,337,58,0,2,1,0,0
12,0,29,15,0,0,0,0,1
13,1,787,20,1,0,0,0,1
15,1,883,98,1,1,0,0,0
28,1,653,82,0,2,1,0,0
22,1,950,27,0,2,0,0,1
20,1,719,34,1,1,0,0,1
31,0,293,75,0,2,0,0,0
6,1,178,58,1,0,2,1,0
2,2,588,79,2,1,0,0,0
32,2,24,63,0,2,0,0,0
28,2,965,28,0,2,0,0,1
15,2,870,20,0,0,0,0,1
27,1,47,97,0,2,2,1,0
11,0,652,65,0,0,0,0,0
13,1,268,66,1,0,2,1,0
14,2,883,31,0,0,0,0,1
32,0,55,45,0,2,0,0,0
9,0,182,58,0,0,0,0,0
13,1,280,2,1,0,2,1,1
35,1,837,81,0,2,0,0,0
14,2,835,46,0,0,0,0,0
29,2,302,80,0,2,0,0,0
23,0,911,70,0,2,0,0,0
17,2,941,5,0,1,0,0,1
4,0,76,82,2,1,0,0,0
28,0,466,19,0,2,0,0,1
13,2,361,71,0,1,0,0,0
9,0,892,33,0,0,0,0,1
38,2,422,15,0,2,0,0,1
8,0,146,86,0,1,0,0,0
33,1,513,6,0,2,1,0,1
7,2,174,11,0,0,0,0,1
1,2,397,57,2,0,0,0,0
19,1,320,48,1,1,1,0,0
34,0,115,81,0,2,0,0,0
31,2,196,79,0,2,0,0,0
22,2,429,6,0,2,0,0,1
33,1,185,58,0,2,2,1,0
23,1,426,69,0,2,1,0,0
7,2,827,62,0,0,0,0,0
15,2,870,11,0,0,0,0,1
20,0,165,58,0,1,0,0,0
32,1,852,26,0,2,0,0,1
37,0,499,72,0,2,0,0,0
13,2,557,75,0,1,0,0,0
33,0,751,51,0,2,0,0,0
7,1,80,17,1,0,2,1,1
33,2,82,64,0,2,0,0,0
34,0,865,69,0,2,0,0,0
29,0,182,3,0,2,0,0,1
26,1,529,53,0,2,1,0,0
22,0,193,48,0,2,0,0,0
36,0,826,72,0,2,0,0,0
26,2,273,25,0,2,0,0,1
17,0,927,6,0,1,0,0,1
31,2,167,25,0,2,0,0,1
14,1,39,14,1,0,2,1,1
5,2,74,50,0,0,0,0,0
36,0,860,100,0,2,0,0,0
18,1,545,49,1,1,1,0,0
10,1,652,63,1,0,1,0,0
20,2,892,25,0,1,0,0,1
31,2,851,24,0,2,0,0,1
13,0,88,64,0,0,0,0,0
29,2,398,68,0,2,0,0,0
14,2,309,72,0,1,0,0,0
36,2,731,62,0,2,0,0,0
23,2,894,17,0,2,0,0,1
5,2,984,63,0,0,0,0,0
16,1,612,0,1,1,1,0,1
30,2,910,79,0,2,0,0,0
29,2,624,54,0,2,0,0,0
34,1,649,32,0,2,1,0,1
33,1,739,72,0,2,0,0,0
30,0,694,74,0,2,0,0,0
4,0,629,8,2,0,0,0,1
20,1,461,65,1,1,1,0,0
34,1,729,36,0,2,0,0,1
10,0,867,77,0,1,0,0,0
25,2,909,29,0,2,0,0,1
0,1,613,52,2,0,1,0,0
27,2,261,42,0,2,0,0,0
1,1,957,49,2,0,0,0,0
5,0,113,21,0,0,0,0,1
33,1,536,57,0,2,1,0,0
38,0,123,21,0,2,0,0,1
24,2,169,99,0,2,0,0,0
12,2,163,54,0,0,0,0,0
13,0,840,34,0,0,0,0,1
30,2,465,86,0,2,0,0,0
28,2,732,91,0,2,0,0,0
19,0,126,64,0,1,0,0,0
26,1,904,26,0,2,0,0,1
28,0,677,67,0,2,0,0,0
33,0,903,39,0,2,0,0,1
39,1,497,96,0,2,1,0,0
25,0,348,50,0,2,0,0,0
0,2,587,48,2,0,0,0,0
15,2,198,13,0,0,0,0,1
24,2,390,90,0,2,0,0,0
33,0,94,41,0,2,0,0,0
32,0,810,99,0,2,0,0,0
38,1,836,92,0,2,0,0,0
40,2,255,79,0,2,0,0,0
15,0,434,69,0,0,0,0,0
19,0,935,57,0,1,0,0,0
13,0,922,2,0,0,0,0,1
29,2,50,31,0,2,0,0,1
32,2,994,34,0,2,0,0,1
23,0,713,85,0,2,0,0,0
33,0,988,76,0,2,0,0,0
26,2,421,1,0,2,0,0,1
30,2,701,0,0,2,0,0,1
39,1,667,3,0,2,1,0,1
10,1,953,44,1,0,0,0,0
31,0,465,73,0,2,0,0,0
35,2,982,96,0,2,0,0,0
11,0,49,38,0,0,0,0,1
16,1,576,62,1,1,1,0,0
29,1,561,34,0,2,1,0,1
38,1,359,98,0,2,1,0,0
16,2,633,9,0,1,0,0,1
8,2,261,61,0,0,0,0,0
4,2,389,35,2,0,0,0,1
33,2,316,64,0,2,0,0,0
4,2,646,10,2,0,0,0,1
32,2,157,55,0,2,0,0,0
11,1,942,7,1,0,0,0,1
27,1,359,25,0,2,1,0,1
40,2,830,80,0,2,0,0,0
21,0,795,45,0,1,0,0,0
16,0,203,88,0,1,0,0,0
29,2,900,60,0,2,0,0,0
40,2,76,82,0,2,0,0,0
3,0,282,75,2,1,0,0,0
22,2,261,34,0,2,0,0,1
17,2,941,20,0,1,0,0,1
39,1,328,79,0,2,1,0,0
9,1,583,95,1,1,1,0,0
8,0,824,73,0,1,0,0,0
8,2,408,2,0,0,0,0,1
5,1,990,21,1,0,0,0,1
23,1,157,82,0,2,2,1,0
6,2,87,1,0,0,0,0,1
3,0,578,41,2,0,0,0,0
40,1,118,59,0,2,2,1,0
21,2,767,45,0,1,0,0,0
34,0,67,20,0,2,0,0,1
9,2,648,81,0,1,0,0,0
8,1,685,28,1,0,1,0,1
24,1,363,22,0,2,1,0,1
21,1,469,76,1,1,1,0,0
39,2,127,30,0,2,0,0,1
40,2,976,62,0,2,0,0,0
0,2,529,32,2,0,0,0,1
38,2,680,56,0,2,0,0,0
24,1,41,58,0,2,2,1,0
27,1,957,75,0,2,0,0,0
31,2,960,29,0,2,0,0,1
30,2,669,2,0,2,0,0,1
34,2,404,11,0,2,0,0,1
7,0,71,53,0,0,0,0,0
27,0,425,88,0,2,0,0,0
17,1,233,25,1,1,2,1,1
23,0,876,1,0,2,0,0,1
30,2,99,77,0,2,0,0,0
1,2,904,23,2,0,0,0,1
5,2,578,1,0,0,0,0,1
33,1,919,9,0,2,0,0,1
34,1,763,31,0,2,0,0,1
40,2,162,84,0,2,0,0,0
32,0,134,26,0,2,0,0,1
20,1,458,95,1,1,1,0,0
28,2,429,52,0,2,0,0,0
38,2,993,17,0,2,0,0,1
6,1,60,86,1,1,2,1,0
20,1,574,66,1,1,1,0,0
37,0,574,19,0,2,0,0,1
13,2,264,84,0,1,0,0,0
20,0,896,77,0,1,0,0,0
11,2,960,66,0,0,0,0,0
18,2,917,23,0,1,0,0,1
37,0,174,89,0,2,0,0,0
8,0,609,90,0,1,0,0,0
36,2,961,68,0,2,0,0,0
0,0,387,96,2,1,0,0,0
12,0,69,31,0,0,0,0,1
31,2,793,58,0,2,0,0,0
16,2,705,85,0,1,0,0,0
0,2,673,69,2,0,0,0,0
39,1,206,70,0,2,2,1,0
24,1,353,92,0,2,1,0,0
16,1,736,12,1,1,0,0,1
26,0,995,27,0,2,0,0,1
37,2,606,87,0,2,0,0,0
1,1,599,30,2,0,1,0,1
15,2,486,40,0,0,0,0,0
30,1,214,76,0,2,2,1,0
9,1,320,75,1,1,1,0,0
21,0,894,93,0,1,0,0,0
27,2,105,29,0,2,0,0,1
33,1,900,6,0,2,0,0,1
11,0,238,18,0,0,0,0,1
11,2,573,98,0,1,0,0,0
10,0,261,77,0,1,0,0,0
14,0,529,22,0,0,0,0,1
16,1,246,13,1,1,2,1,1
19,1,27,58,1,1,2,1,0
37,1,755,15,0,2,0,0,1
14,1,79,67,1,0,2,1,0
10,1,475,54,1,0,1,0,0
4,2,783,83,2,1,0,0,0
26,0,522,60,0,2,0,0,0
23,1,869,30,0,2,0,0,1
11,2,546,55,0,0,0,0,0
6,0,770,98,0,1,0,0,0
23,0,972,92,0,2,0,0,0
3,0,585,11,2,0,0,0,1
22,1,920,5,0,2,0,0,1
27,0,677,2,0,2,0,0,1
11,2,679,3,0,0,0,0,1
38,2,134,25,0,2,0,0,1
11,0,124,18,0,0,0,0,1
30,0,682,56,0,2,0,0,0
18,0,299,60,0,1,0,0,0
27,0,246,78,0,2,0,0,0
27,1,323,35,0,2,1,0,1
27,0,362,88,0,2,0,0,0
16,0,430,100,0,1,0,0,0
26,1,664,69,0,2,1,0,0
25,1,177,5,0,2,2,1,1
3,2,976,42,2,0,0,0,0
29,0,935,24,0,2,0,0,1
10,0,61,62,0,0,0,0,0
22,0,697,52,0,2,0,0,0
23,1,545,73,0,2,1,0,0
15,2,330,61,0,0,0,0,0
11,1,916,21,1,0,0,0,1
20,1,617,4,1,1,1,0,1
13,2,364,55,0,0,0,0,0
4,1,393,31,2,0,1,0,1
1,1,922,1,2,0,0,0,1
38,1,902,38,0,2,0,0,1
37,0,908,55,0,2,0,0,0
15,2,836,99,0,1,0,0,0
0,0,455,52,2,0,0,0,0
9,1,1,39,1,0,2,1,1
26,0,986,88,0,2,0,0,0
13,1,257,47,1,0,2,1,0
28,2,976,16,0,2,0,0,1
0,2,387,48,2,0,0,0,0
31,1,396,33,0,2,1,0,1
25,2,800,1,0,2,0,0,1
9,0,863,61,0,0,0,0,0
0,0,879,4,2,0,0,0,1
38,1,570,83,0,2,1,0,0
11,1,820,93,1,1,0,0,0
10,1,318,60,1,0,1,0,0
16,1,542,63,1,1,1,0,0
19,1,878,80,1,1,0,0,0
9,1,976,53,1,0,0,0,0
14,0,689,52,0,0,0,0,0
13,0,248,6,0,0,0,0,1
19,0,52,55,0,1,0,0,0
22,0,589,68,0,2,0,0,0
20,2,475,18,0,1,0,0,1
19,1,8,75,1,1,2,1,0
12,0,612,91,0,1,0,0,0
17,0,215,94,0,1,0,0,0
6,1,666,59,1,0,1,0,0
24,2,433,6,0,2,0,0,1
36,2,775,41,0,2,0,0,0
31,0,166,9,0,2,0,0,1
22,0,285,27,0,2,0,0,1
9,1,113,77,1,1,2,1,0
20,1,638,18,1,1,1,0,1
7,2,919,96,0,1,0,0,0
9,2,117,92,0,1,0,0,0
27,0,998,65,0,2,0,0,0
40,2,441,39,0,2,0,0,1
27,0,727,97,0,2,0,0,0
4,1,458,3,2,0,1,0,1
11,1,476,3,1,0,1,0,1
27,2,171,100,0,2,0,0,0
26,0,701,43,0,2,0,0,0
0,1,86,18,2,0,2,1,1
38,2,968,37,0,2,0,0,1
40,2,889,76,0,2,0,0,0
29,1,401,2,0,2,1,0,1
24,0,436,3,0,2,0,0,1
35,2,337,80,0,2,0,0,0
10,0,299,75,0,1,0,0,0
19,0,763,1,0,1,0,0,1
30,2,866,37,0,2,0,0,1
25,2,124,62,0,2,0,0,0
19,2,612,63,0,1,0,0,0
6,0,443,57,0,0,0,0,0
17,2,150,27,0,1,0,0,1
37,2,567,57,0,2,0,0,0
7,0,874,0,0,0,0,0,1
13,0,191,9,0,0,0,0,1
18,0,61,84,0,1,0,0,0
19,2,175,41,0,1,0,0,0
37,0,970,13,0,2,0,0,1
18,1,964,46,1,1,0,0,0
28,2,207,48,0,2,0,0,0
30,1,802,39,0,2,0,0,1
26,1,427,72,0,2,1,0,0
28,1,288,86,0,2,2,1,0
29,0,501,12,0,2,0,0,1
20,2,417,41,0,1,0,0,0
28,0,226,34,0,2,0,0,1
35,2,708,38,0,2,0,0,1
20,1,878,33,1,1,0,0,1
38,0,156,21,0,2,0,0,1
17,0,58,80,0,1,0,0,0
12,2,397,84,0,1,0,0,0
9,1,625,48,1,0,1,0,0
16,2,882,24,0,1,0,0,1
28,2,118,20,0,2,0,0,1
36,2,901,43,0,2,0,0,0
12,0,23,98,0,1,0,0,0
17,2,508,28,0,1,0,0,1
21,0,192,49,0,1,0,0,0
11,2,144,62,0,0,0,0,0
15,2,878,73,0,1,0,0,0
1,0,915,93,2,1,0,0,0
16,0,635,14,0,1,0,0,1
38,1,735,37,0,2,0,0,1
22,0,937,52,0,2,0,0,0
26,2,683,44,0,2,0,0,0
22,2,357,66,0,2,0,0,0
19,1,517,89,1,1,1,0,0
14,0,454,99,0,1,0,0,0
3,0,724,45,2,0,0,0,0
4,1,557,50,2,0,1,0,0
31,0,724,5,0,2,0,0,1
10,2,226,77,0,1,0,0,0
34,1,96,45,0,2,2,1,0
14,2,502,26,0,0,0,0,1
31,0,683,32,0,2,0,0,1
10,0,419,71,0,1,0,0,0
40,1,490,23,0,2,1,0,1
9,1,640,97,1,1,1,0,0
3,1,183,22,2,0,2,1,1
23,0,561,90,0,2,0,0,0
2,2,752,95,2,1,0,0,0
34,1,425,98,0,2,1,0,0
23,2,738,11,0,2,0,0,1
20,2,268,6,0,1,0,0,1
28,0,976,11,0,2,0,0,1
9,0,129,81,0,1,0,0,0
25,1,916,14,0,2,0,0,1
37,1,132,48,0,2,2,1,0
25,2,511,93,0,2,0,0,0
21,1,497,64,1,1,1,0,0
14,1,286,59,1,0,2,1,0
40,0,948,44,0,2,0,0,0
39,1,579,53,0,2,1,0,0
20,0,861,90,0,1,0,0,0
1,2,569,41,2,0,0,0,0
8,1,954,27,1,0,0,0,1
29,1,780,95,0,2,0,0,0
8,0,574,24,0,0,0,0,1
3,0,948,46,2,0,0,0,0
0,1,142,84,2,1,2,1,0
20,0,739,99,0,1,0,0,0
22,1,388,29,0,2,1,0,1
31,1,951,82,0,2,0,0,0
14,2,96,52,0,0,0,0,0
11,1,856,10,1,0,0,0,1
0,2,824,9,2,0,0,0,1
24,1,842,76,0,2,0,0,0
35,0,308,32,0,2,0,0,1
32,0,165,11,0,2,0,0,1
16,0,488,36,0,1,0,0,1
14,1,815,58,1,0,0,0,0
24,0,668,53,0,2,0,0,0
6,1,980,39,1,0,0,0,1
21,0,905,12,0,1,0,0,1
31,0,448,39,0,2,0,0,1
22,2,715,85,0,2,0,0,0
7,2,442,78,0,1,0,0,0
0,0,82,33,2,0,0,0,1
28,2,224,57,0,2,0,0,0
27,1,127,17,0,2,2,1,1
31,0,977,63,0,2,0,0,0
26,2,754,29,0,2,0,0,1
30,0,768,20,0,2,0,0,1
13,1,818,37,1,0,0,0,1
4,2,599,29,2,0,0,0,1
23,1,490,23,0,2,1,0,1
8,1,56,56,1,0,2,1,0
27,1,873,48,0,2,0,0,0
24,1,456,80,0,2,1,0,0
32,0,570,68,0,2,0,0,0
20,2,810,20,0,1,0,0,1
27,0,198,88,0,2,0,0,0
26,2,689,72,0,2,0,0,0
34,0,254,18,0,2,0,0,1
12,1,976,89,1,1,0,0,0
33,2,67,51,0,2,0,0,0
11,2,925,67,0,0,0,0,0
10,2,540,19,0,0,0,0,1
25,0,696,39,0,2,0,0,1
7,1,519,86,1,1,1,0,0
5,1,139,41,1,0,2,1,0
5,2,967,68,0,0,0,0,0
14,0,30,54,0,0,0,0,0
24,2,16,59,0,2,0,0,0
33,0,164,78,0,2,0,0,0
39,2,786,90,0,2,0,0,0
28,0,696,85,0,2,0,0,0
29,1,326,92,0,2,1,0,0
39,2,352,77,0,2,0,0,0
3,1,89,71,2,1,2,1,0
33,1,493,100,0,2,1,0,0
11,0,176,21,0,0,0,0,1
17,1,391,29,1,1,1,0,1
15,2,982,3,0,0,0,0,1
20,0,362,60,0,1,0,0,0
2,0,564,96,2,1,0,0,0
29,2,340,60,0,2,0,0,0
13,1,632,96,1,1,1,0,0
30,2,45,5,0,2,0,0,1
5,0,594,44,0,0,0,0,0
11,1,439,52,1,0,1,0,0
0,0,472,49,2,0,0,0,0
9,1,837,88,1,1,0,0,0
32,1,414,94,0,2,1,0,0
6,0,38,22,0,0,0,0,1
25,2,124,93,0,2,0,0,0
10,2,305,39,0,0,0,0,1
35,0,512,40,0,2,0,0,0
5,0,271,6,0,0,0,0,1
40,2,784,24,0,2,0,0,1
22,1,739,57,0,2,0,0,0
39,0,428,14,0,2,0,0,1
38,2,695,27,0,2,0,0,1
30,0,640,69,0,2,0,0,0
2,0,458,93,2,1,0,0,0
2,0,199,66,2,0,0,0,0
27,2,551,60,0,2,0,0,0
32,2,803,24,0,2,0,0,1
38,2,755,47,0,2,0,0,0
21,0,27,38,0,1,0,0,1
25,1,867,41,0,2,0,0,0
2,0,392,22,2,0,0,0,1
31,2,814,58,0,2,0,0,0
21,2,128,88,0,1,0,0,0
11,0,444,45,0,0,0,0,0
16,0,120,80,0,1,0,0,0
7,2,295,34,0,0,0,0,1
39,1,903,32,0,2,0,0,1
27,0,524,53,0,2,0,0,0
20,2,768,40,0,1,0,0,0
36,1,918,48,0,2,0,0,0
9,2,146,54,0,0,0,0,0
33,2,549,92,0,2,0,0,0
28,2,730,81,0,2,0,0,0
11,0,353,82,0,1,0,0,0
19,1,462,25,1,1,1,0,1
31,2,933,0,0,2,0,0,1
40,0,210,72,0,2,0,0,0
5,1,418,15,1,0,1,0,1
12,0,174,0,0,0,0,0,1
34,1,225,65,0,2,2,1,0
26,0,254,83,0,2,0,0,0
17,2,594,0,0,1,0,0,1
9,2,808,5,0,0,0,0,1
19,0,492,12,0,1,0,0,1
16,2,469,7,0,1,0,0,1
5,0,872,84,0,1,0,0,0
4,2,106,23,2,0,0,0,1
19,2,686,15,0,1,0,0,1
16,2,103,24,0,1,0,0,1
25,0,713,21,0,2,0,0,1
30,2,193,77,0,2,0,0,0
17,2,799,43,0,1,0,0,0
17,0,774,71,0,1,0,0,0
22,0,733,17,0,2,0,0,1
32,0,721,9,0,2,0,0,1
40,0,581,79,0,2,0,0,0
35,0,668,75,0,2,0,0,0
23,2,205,19,0,2,0,0,1
1,0,826,34,2,0,0,0,1
18,2,207,10,0,1,0,0,1
6,0,197,56,0,0,0,0,0
24,2,647,20,0,2,0,0,1
30,1,964,22,0,2,0,0,1
30,0,860,28,0,2,0,0,1
28,2,332,95,0,2,0,0,0
1,1,704,92,2,1,0,0,0
34,2,44,5,0,2,0,0,1
24,0,67,17,0,2,0,0,1
27,2,396,68,0,2,0,0,0
7,2,678,97,0,1,0,0,0
8,2,712,26,0,0,0,0,1
9,0,797,53,0,0,0,0,0
32,2,988,3,0,2,0,0,1
34,0,431,11,0,2,0,0,1
23,0,828,41,0,2,0,0,0
37,0,685,46,0,2,0,0,0
33,1,759,22,0,2,0,0,1
5,1,371,18,1,0,1,0,1
25,2,813,25,0,2,0,0,1
38,0,531,39,0,2,0,0,1
31,2,577,85,0,2,0,0,0
33,1,867,40,0,2,0,0,0
5,0,605,88,0,1,0,0,0
4,2,938,74,2,1,0,0,0
20,2,396,41,0,1,0,0,0
37,1,15,0,0,2,2,1,1
14,1,59,50,1,0,2,1,0
32,2,809,16,0,2,0,0,1
37,1,352,81,0,2,1,0,0
37,0,763,83,0,2,0,0,0
37,0,696,58,0,2,0,0,0
11,1,530,88,1,1,1,0,0
34,1,258,53,0,2,2,1,0
21,1,204,34,1,1,2,1,1
37,0,39,46,0,2,0,0,0
4,0,550,70,2,0,0,0,0
25,1,626,38,0,2,1,0,1
21,1,321,15,1,1,1,0,1
10,2,439,91,0,1,0,0,0
3,1,494,20,2,0,1,0,1
13,0,691,0,0,0,0,0,1
10,1,901,31,1,0,0,0,1
28,0,20,74,0,2,0,0,0
4,0,951,55,2,0,0,0,0
0,2,953,53,2,0,0,0,0
22,0,687,60,0,2,0,0,0
9,2,992,25,0,0,0,0,1
30,1,981,87,0,2,0,0,0
26,0,602,27,0,2,0,0,1
35,1,294,35,0,2,2,1,1
6,0,981,72,0,1,0,0,0
30,0,389,54,0,2,0,0,0
4,0,990,10,2,0,0,0,1
10,1,310,77,1,1,1,0,0
36,0,975,91,0,2,0,0,0
24,1,948,55,0,2,0,0,0
23,2,142,36,0,2,0,0,1
37,2,153,91,0,2,0,0,0
7,1,157,84,1,1,2,1,0
5,2,52,91,0,1,0,0,0
40,2,294,41,0,2,0,0,0
20,2,667,55,0,1,0,0,0
31,0,404,49,0,2,0,0,0
37,0,884,49,0,2,0,0,0
13,2,725,50,0,0,0,0,0
34,0,301,25,0,2,0,0,1
13,0,695,87,0,1,0,0,0
32,0,44,28,0,2,0,0,1
33,1,260,50,0,2,2,1,0
26,1,926,7,0,2,0,0,1
35,2,280,10,0,2,0,0,1
20,2,339,29,0,1,0,0,1
0,0,186,49,2,0,0,0,0
18,1,267,26,1,1,2,1,1
8,0,597,20,0,0,0,0,1
22,2,859,53,0,2,0,0,0
23,1,690,46,0,2,1,0,0
36,0,599,71,0,2,0,0,0
1,0,234,9,2,0,0,0,1
27,0,720,63,0,2,0,0,0
14,1,426,23,1,0,1,0,1
28,1,627,77,0,2,1,0,0
9,2,842,87,0,1,0,0,0
12,0,325,28,0,0,0,0,1
6,0,980,8,0,0,0,0,1
24,1,222,15,0,2,2,1,1
1,1,703,69,2,0,0,0,0
39,0,593,47,0,2,0,0,0
34,2,965,89,0,2,0,0,0
9,0,556,22,0,0,0,0,1
36,1,749,25,0,2,0,0,1
1,0,519,16,2,0,0,0,1
12,2,5,74,0,1,0,0,0
13,0,671,39,0,0,0,0,1
30,2,576,32,0,2,0,0,1
35,2,50,78,0,2,0,0,0
38,1,582,43,0,2,1,0,0
17,0,535,48,0,1,0,0,0
4,2,544,0,2,0,0,0,1
0,2,509,11,2,0,0,0,1
0,1,285,51,2,0,2,1,0
27,2,483,21,0,2,0,0,1
14,0,672,19,0,0,0,0,1
37,1,551,66,0,2,1,0,0
24,2,200,75,0,2,0,0,0
29,2,72,60,0,2,0,0,0
20,0,756,93,0,1,0,0,0
40,2,210,28,0,2,0,0,1
35,0,861,91,0,2,0,0,0
39,2,233,59,0,2,0,0,0
40,1,113,59,0,2,2,1,0
3,0,295,73,2,1,0,0,0
24,2,287,17,0,2,0,0,1
36,0,573,92,0,2,0,0,0
6,2,934,62,0,0,0,0,0
10,2,966,24,0,0,0,0,1
15,1,378,62,1,0,1,0,0
39,2,284,46,0,2,0,0,0
6,0,47,29,0,0,0,0,1
39,1,787,31,0,2,0,0,1
29,2,830,81,0,2,0,0,0
8,0,470,64,0,0,0,0,0
11,2,937,57,0,0,0,0,0
4,1,814,88,2,1,0,0,0
29,1,950,8,0,2,0,0,1
30,0,565,67,0,2,0,0,0
18,2,115,88,0,1,0,0,0
30,2,746,62,0,2,0,0,0
13,1,593,28,1,0,1,0,1
35,1,512,10,0,2,1,0,1
11,0,288,44,0,0,0,0,0
39,0,481,69,0,2,0,0,0
27,2,315,64,0,2,0,0,0
6,0,143,99,0,1,0,0,0
40,1,825,94,0,2,0,0,0
29,1,89,88,0,2,2,1,0
11,1,367,95,1,1,1,0,0
39,2,231,89,0,2,0,0,0
27,1,988,35,0,2,0,0,1
22,2,833,12,0,2,0,0,1
16,1,666,42,1,1,1,0,0
34,0,463,12,0,2,0,0,1
16,2,281,89,0,1,0,0,0
11,2,361,90,0,1,0,0,0
18,2,506,34,0,1,0,0,1
40,1,224,23,0,2,2,1,1
28,1,493,25,0,2,1,0,1
5,1,151,56,1,0,2,1,0
32,1,233,52,0,2,2,1,0
39,0,751,28,0,2,0,0,1
14,2,378,45,0,0,0,0,0
12,2,476,80,0,1,0,0,0
3,1,216,55,2,0,2,1,0
28,2,601,65,0,2,0,0,0
1,2,776,30,2,0,0,0,1
14,0,8,2,0,0,0,0,1
17,0,220,48,0,1,0,0,0
25,1,564,14,0,2,1,0,1
40,0,989,37,0,2,0,0,1
10,2,849,87,0,1,0,0,0
16,1,738,56,1,1,0,0,0
7,2,867,65,0,0,0,0,0
36,0,832,77,0,2,0,0,0
5,2,84,86,0,1,0,0,0
35,1,865,77,0,2,0,0,0
27,1,917,85,0,2,0,0,0
2,2,567,12,2,0,0,0,1
5,2,278,41,0,0,0,0,0
8,0,528,42,0,0,0,0,0
29,1,777,40,0,2,0,0,0
32,0,244,48,0,2,0,0,0
1,2,714,95,2,1,0,0,0
20,2,991,37,0,1,0,0,1
32,2,456,43,0,2,0,0,0
6,1,48,61,1,0,2,1,0
16,0,192,23,0,1,0,0,1
11,0,556,33,0,0,0,0,1
28,2,142,22,0,2,0,0,1
16,2,628,12,0,1,0,0,1
16,2,663,0,0,1,0,0,1
14,0,237,71,0,1,0,0,0
27,2,648,19,0,2,0,0,1
25,2,977,96,0,2,0,0,0
9,2,25,76,0,1,0,0,0
5,2,840,84,0,1,0,0,0
32,1,965,97,0,2,0,0,0
9,2,445,5,0,0,0,0,1
9,1,337,2,1,0,1,0,1
1,0,490,28,2,0,0,0,1
15,0,481,63,0,0,0,0,0
14,0,47,21,0,0,0,0,1
25,2,702,1,0,2,0,0,1
34,2,544,92,0,2,0,0,0
19,1,996,35,1,1,0,0,1
31,1,894,15,0,2,0,0,1
1,0,122,53,2,0,0,0,0
7,1,860,18,1,0,0,0,1
16,0,666,6,0,1,0,0,1
0,2,331,80,2,1,0,0,0
18,2,268,90,0,1,0,0,0
1,0,711,87,2,1,0,0,0
12,1,943,81,1,1,0,0,0
1,1,27,60,2,0,2,1,0
19,1,156,31,1,1,2,1,1
3,1,11,1,2,0,2,1,1
32,1,877,24,0,2,0,0,1
23,1,743,62,0,2,0,0,0
40,2,864,53,0,2,0,0,0
14,2,48,9,0,0,0,0,1
4,0,27,39,2,0,0,0,1
22,1,23,49,0,2,2,1,0
40,0,464,22,0,2,0,0,1
38,2,892,23,0,2,0,0,1
22,2,847,81,0,2,0,0,0
8,2,216,29,0,0,0,0,1
22,0,70,24,0,2,0,0,1
15,1,553,43,1,0,1,0,0
34,2,231,10,0,2,0,0,1
30,2,374,21,0,2,0,0,1
19,0,505,35,0,1,0,0,1
6,1,538,43,1,0,1,0,0
33,0,859,77,0,2,0,0,0
30,0,600,50,0,2,0,0,0
30,1,418,62,0,2,1,0,0
11,0,753,60,0,0,0,0,0
2,1,427,22,2,0,1,0,1
19,2,108,4,0,1,0,0,1
29,0,675,34,0,2,0,0,1
36,2,588,74,0,2,0,0,0
14,0,903,88,0,1,0,0,0
32,0,225,54,0,2,0,0,0
28,2,743,81,0,2,0,0,0
14,2,579,95,0,1,0,0,0
38,0,827,64,0,2,0,0,0
29,1,772,94,0,2,0,0,0
24,1,823,29,0,2,0,0,1
20,0,169,45,0,1,0,0,0
0,1,976,85,2,1,0,0,0
10,1,979,42,1,0,0,0,0
29,0,576,73,0,2,0,0,0
39,2,896,78,0,2,0,0,0
35,1,931,64,0,2,0,0,0
15,0,332,75,0,1,0,0,0
4,1,302,93,2,1,1,0,0
23,1,974,75,0,2,0,0,0
